id,addresse_postale,coordonnees_GPS
1,90000,41°24'12.2" N 2°10'26.5" E
2,90010,41.40338
3,90020,2.17403
4,90030,4544.9888
5,90010,41.49998
6,90020,79.03
